CustomerID,Age,Income,SpendingScore,Gender,City,Membership,Transactions,Satisfaction,Churn
1001,56,25408,12,Female,Ahmedabad,Silver,46,3.97,No
1002,69,79379,3,Female,Bengaluru,Gold,23,4.22,No
1003,46,45053,18,Female,Bengaluru,Silver,32,4.38,Yes
1004,32,29446,40,Female,Bengaluru,Platinum,40,2.58,Yes
1005,60,20922,21,Male,Mumbai,Platinum,13,1.21,Yes
1006,25,118723,15,Male,Delhi,Platinum,20,2.61,Yes
1007,38,71356,97,Male,Delhi,Silver,35,3.7,Yes
1008,56,30789,99,Female,Bengaluru,Gold,5,2.8,No
1009,36,117720,26,Male,Bengaluru,Gold,9,4.0,No
1010,40,86656,8,Male,Mumbai,Silver,29,2.43,Yes
1011,28,64028,100,Female,Ahmedabad,Silver,6,3.54,Yes
1012,28,84484,94,Female,Ahmedabad,Gold,25,1.75,Yes
1013,41,52154,87,Female,Delhi,Gold,31,4.0,No
1014,53,102870,42,Female,Mumbai,Gold,22,3.18,No
1015,57,22336,44,Male,Bengaluru,Gold,2,1.82,No
1016,41,123677,14,Female,Delhi,Silver,45,2.17,Yes
1017,20,87779,78,Female,Mumbai,Silver,5,3.99,Yes
1018,39,39029,2,Male,Ahmedabad,Platinum,27,2.93,Yes
1019,19,79201,37,Male,Mumbai,Gold,25,1.86,Yes
1020,41,52265,69,Female,Ahmedabad,Platinum,8,4.87,No
1021,61,122916,38,Male,Mumbai,Silver,1,3.86,Yes
1022,47,132250,41,Female,Delhi,Silver,20,4.83,Yes
1023,55,136553,62,Female,Ahmedabad,Platinum,44,2.71,Yes
1024,19,63872,60,Male,Delhi,Gold,23,2.9,No
1025,38,66197,14,Male,Delhi,Gold,32,4.59,No
1026,50,145733,89,Female,Ahmedabad,Gold,11,3.1,Yes
1027,29,75180,84,Female,Ahmedabad,Gold,39,3.83,No
1028,39,43710,2,Female,Bengaluru,Platinum,47,2.01,No
1029,61,49486,70,Male,Bengaluru,Platinum,24,2.79,No
1030,42,91907,17,Female,Bengaluru,Silver,11,1.49,No
1031,66,148876,89,Female,Delhi,Gold,29,1.82,No
1032,44,91895,28,Female,Delhi,Gold,26,1.0,Yes
1033,59,84435,66,Female,Bengaluru,Gold,16,1.16,Yes
1034,45,60631,35,Female,Delhi,Platinum,35,4.91,Yes
1035,33,149038,5,Male,Delhi,Gold,20,1.97,No
1036,32,121532,65,Female,Ahmedabad,Platinum,46,3.65,No
1037,64,40103,40,Female,Ahmedabad,Gold,3,4.36,No
1038,68,84772,76,Female,Delhi,Gold,1,3.2,No
1039,61,146108,56,Female,Bengaluru,Silver,47,1.61,Yes
1040,69,34382,36,Male,Mumbai,Gold,1,3.91,Yes
1041,20,104291,45,Male,Bengaluru,Gold,17,3.4,Yes
1042,54,121195,23,Male,Mumbai,Silver,2,3.93,Yes
1043,68,23756,47,Female,Bengaluru,Platinum,29,4.08,Yes
1044,24,40609,31,Female,Ahmedabad,Platinum,20,4.9,Yes
1045,38,134074,11,Male,Delhi,Gold,6,3.29,No
1046,26,36478,10,Male,Delhi,Platinum,8,2.37,No
1047,56,120978,67,Male,Ahmedabad,Gold,29,3.59,Yes
1048,35,59666,14,Female,Mumbai,Silver,48,1.27,No
1049,21,95683,80,Female,Mumbai,Silver,33,4.59,Yes
1050,42,119097,74,Male,Mumbai,Gold,3,1.48,Yes
1051,31,144714,93,Male,Ahmedabad,Silver,35,2.31,No
1052,67,120420,10,Male,Mumbai,Silver,5,4.26,Yes
1053,26,91315,76,Female,Ahmedabad,Gold,27,3.39,Yes
1054,43,97834,94,Female,Bengaluru,Gold,44,2.57,Yes
1055,19,146205,1,Female,Bengaluru,Silver,12,2.89,No
1056,37,34153,5,Male,Ahmedabad,Platinum,20,4.42,No
1057,45,129415,20,Male,Delhi,Platinum,45,2.36,No
1058,64,96325,8,Female,Bengaluru,Gold,20,4.48,No
1059,24,129701,43,Male,Mumbai,Gold,9,1.35,Yes
1060,61,32999,76,Female,Ahmedabad,Platinum,39,4.11,No
1061,25,75318,1,Male,Mumbai,Silver,4,4.39,No
1062,64,20814,57,Male,Mumbai,Platinum,19,1.73,No
1063,52,135033,64,Male,Delhi,Platinum,38,2.72,Yes
1064,31,96077,84,Male,Mumbai,Platinum,27,1.66,No
1065,34,110474,28,Female,Delhi,Platinum,45,3.83,No
1066,53,22443,37,Male,Bengaluru,Gold,43,3.14,Yes
1067,67,95993,47,Female,Ahmedabad,Gold,13,3.54,Yes
1068,57,95916,76,Female,Mumbai,Silver,13,1.79,Yes
1069,21,93319,37,Female,Ahmedabad,Silver,22,1.85,Yes
1070,19,145885,49,Male,Mumbai,Silver,28,1.17,No
1071,23,129777,44,Female,Ahmedabad,Silver,47,2.29,Yes
1072,59,37368,56,Female,Mumbai,Platinum,45,3.24,No
1073,21,35328,28,Female,Mumbai,Gold,22,4.43,No
1074,46,76942,79,Male,Mumbai,Gold,43,3.67,No
1075,35,111751,6,Male,Mumbai,Silver,19,2.74,No
1076,43,119131,61,Female,Mumbai,Silver,8,4.81,No
1077,61,47306,20,Male,Mumbai,Platinum,8,3.88,Yes
1078,51,105451,78,Female,Mumbai,Platinum,42,4.72,No
1079,27,59915,2,Female,Mumbai,Silver,26,3.11,No
1080,53,57219,73,Male,Mumbai,Gold,48,2.04,No
1081,31,100879,37,Female,Ahmedabad,Gold,26,1.21,Yes
1082,48,131939,20,Male,Delhi,Gold,23,3.9,No
1083,65,84644,26,Male,Mumbai,Silver,43,1.49,No
1084,32,80279,29,Female,Delhi,Gold,13,2.21,Yes
1085,25,73028,1,Male,Mumbai,Platinum,28,3.13,No
1086,31,124263,35,Male,Mumbai,Platinum,9,3.26,No
1087,40,20126,70,Female,Ahmedabad,Silver,20,3.4,Yes
1088,57,72329,59,Female,Bengaluru,Platinum,19,1.67,No
1089,38,47632,69,Male,Bengaluru,Silver,48,2.52,No
1090,33,127099,33,Male,Ahmedabad,Gold,39,3.47,No
1091,62,85310,51,Female,Delhi,Gold,12,4.88,No
1092,35,129945,78,Male,Bengaluru,Gold,15,3.91,No
1093,64,75176,12,Male,Ahmedabad,Platinum,31,4.69,Yes
1094,41,139797,20,Male,Ahmedabad,Silver,14,4.05,Yes
1095,43,106066,53,Male,Bengaluru,Gold,11,3.37,Yes
1096,42,125500,88,Male,Delhi,Silver,26,1.77,No
1097,62,146413,43,Male,Ahmedabad,Gold,42,3.67,No
1098,58,64327,98,Male,Mumbai,Platinum,27,3.49,No
1099,46,88904,89,Female,Delhi,Platinum,11,3.41,Yes
1100,32,23797,50,Female,Delhi,Silver,38,2.96,No
1101,62,67882,29,Female,Bengaluru,Platinum,34,3.11,No
1102,18,33718,57,Female,Bengaluru,Platinum,43,2.34,No
1103,42,54560,39,Female,Mumbai,Silver,19,3.08,Yes
1104,24,96589,95,Male,Ahmedabad,Gold,6,1.79,Yes
1105,26,42116,56,Male,Bengaluru,Platinum,46,4.22,No
1106,41,56244,43,Male,Bengaluru,Silver,38,1.74,No
1107,18,121721,50,Male,Delhi,Platinum,49,1.34,No
1108,61,21645,23,Female,Bengaluru,Platinum,42,2.74,Yes
1109,25,67523,44,Male,Bengaluru,Platinum,28,3.63,Yes
1110,41,144085,38,Male,Bengaluru,Platinum,1,2.75,Yes
1111,28,137718,84,Female,Bengaluru,Silver,35,2.11,No
1112,68,39256,23,Male,Delhi,Silver,40,3.23,Yes
1113,34,121376,45,Male,Mumbai,Silver,8,2.39,No
1114,25,120158,52,Female,Mumbai,Platinum,47,4.73,No
1115,52,73173,80,Male,Ahmedabad,Platinum,7,4.69,Yes
1116,52,57430,50,Male,Bengaluru,Platinum,11,3.01,No
1117,50,59282,8,Male,Delhi,Silver,39,2.31,Yes
1118,22,139719,85,Male,Ahmedabad,Platinum,4,3.95,No
1119,59,83374,1,Male,Ahmedabad,Gold,25,1.15,No
1120,56,88244,8,Female,Mumbai,Platinum,12,2.9,Yes
1121,58,31694,29,Female,Delhi,Gold,26,2.35,No
1122,45,76264,96,Female,Delhi,Platinum,38,4.68,No
1123,24,95060,5,Female,Delhi,Silver,46,1.05,No
1124,26,117416,86,Female,Mumbai,Platinum,12,3.21,No
1125,25,77545,47,Female,Mumbai,Gold,43,3.96,No
1126,29,138195,34,Male,Mumbai,Gold,37,2.94,No
1127,51,59224,65,Female,Mumbai,Platinum,46,1.34,No
1128,50,122516,55,Female,Mumbai,Gold,24,4.89,No
1129,65,117945,90,Male,Bengaluru,Gold,16,3.07,Yes
1130,40,33224,43,Male,Bengaluru,Silver,13,3.46,Yes
1131,41,60738,74,Female,Delhi,Platinum,25,1.95,No
1132,54,45150,30,Male,Ahmedabad,Platinum,4,2.93,No
1133,52,83731,82,Female,Delhi,Platinum,11,2.72,Yes
1134,61,69688,17,Male,Ahmedabad,Gold,32,1.3,No
1135,57,119929,26,Female,Mumbai,Platinum,49,1.42,Yes
1136,39,128618,8,Male,Ahmedabad,Platinum,7,4.35,Yes
1137,44,93509,47,Male,Delhi,Silver,46,1.96,Yes
1138,52,28577,76,Female,Delhi,Silver,11,1.78,No
1139,18,28070,91,Female,Ahmedabad,Silver,28,3.02,No
1140,52,146161,72,Female,Bengaluru,Gold,41,4.07,No
1141,54,28666,89,Female,Mumbai,Platinum,23,1.25,Yes
1142,64,77761,46,Female,Mumbai,Silver,45,3.31,Yes
1143,31,141178,68,Male,Delhi,Silver,23,1.48,Yes
1144,20,56368,33,Female,Bengaluru,Silver,28,1.15,No
1145,18,26783,1,Female,Ahmedabad,Platinum,43,1.21,Yes
1146,22,131530,19,Male,Mumbai,Platinum,47,4.34,Yes
1147,43,61914,31,Male,Bengaluru,Platinum,26,1.47,No
1148,31,90507,80,Female,Mumbai,Gold,25,1.18,Yes
1149,56,147738,14,Male,Bengaluru,Gold,29,2.75,Yes
1150,44,99026,53,Male,Bengaluru,Silver,19,4.38,No
1151,26,135893,48,Female,Delhi,Platinum,33,2.05,No
1152,32,131255,69,Male,Mumbai,Silver,36,2.69,Yes
1153,32,130616,90,Male,Ahmedabad,Platinum,14,1.16,No
1154,43,87526,62,Female,Delhi,Platinum,14,2.8,Yes
1155,59,90835,92,Female,Delhi,Platinum,35,3.31,No
1156,30,65765,66,Male,Ahmedabad,Gold,30,3.28,Yes
1157,68,39956,64,Male,Delhi,Gold,28,2.33,No
1158,49,107895,70,Female,Bengaluru,Platinum,17,2.26,Yes
1159,56,66240,63,Male,Bengaluru,Silver,3,1.43,No
1160,66,141008,73,Male,Mumbai,Platinum,16,2.47,No
1161,69,57148,33,Male,Mumbai,Platinum,46,1.4,No
1162,49,114270,41,Female,Ahmedabad,Silver,30,4.07,No
1163,21,147978,89,Male,Mumbai,Platinum,29,4.87,No
1164,47,24757,48,Male,Bengaluru,Silver,45,4.88,No
1165,54,39097,13,Female,Ahmedabad,Gold,15,4.46,No
1166,40,30395,73,Male,Ahmedabad,Gold,46,3.4,Yes
1167,56,36241,77,Male,Mumbai,Silver,25,3.8,Yes
1168,62,123892,31,Female,Bengaluru,Gold,38,2.14,No
1169,32,47696,75,Female,Ahmedabad,Gold,42,3.52,No
1170,60,135654,68,Female,Bengaluru,Silver,47,2.82,Yes
1171,46,90480,98,Female,Bengaluru,Gold,38,2.93,Yes
1172,53,66163,4,Male,Bengaluru,Platinum,23,4.03,No
1173,30,39816,19,Male,Mumbai,Platinum,25,2.13,Yes
1174,49,69840,70,Female,Delhi,Silver,42,2.27,Yes
1175,24,122547,98,Female,Delhi,Gold,7,4.7,No
1176,68,72853,82,Male,Ahmedabad,Platinum,22,1.22,No
1177,39,44917,13,Female,Bengaluru,Platinum,17,2.94,No
1178,45,116731,23,Male,Mumbai,Gold,18,4.65,Yes
1179,19,41566,83,Female,Bengaluru,Gold,49,3.44,No
1180,59,95452,75,Male,Bengaluru,Platinum,41,3.19,No
1181,62,82823,1,Female,Mumbai,Platinum,10,2.0,Yes
1182,23,141392,88,Female,Delhi,Silver,10,2.37,No
1183,45,40806,54,Male,Bengaluru,Silver,7,4.41,Yes
1184,45,95520,71,Female,Bengaluru,Platinum,48,3.24,Yes
1185,61,21759,89,Male,Delhi,Silver,38,3.06,Yes
1186,61,146092,85,Male,Mumbai,Platinum,27,1.4,Yes
1187,37,61949,15,Male,Ahmedabad,Platinum,33,1.06,Yes
1188,47,112374,65,Male,Delhi,Silver,1,4.85,Yes
1189,28,22482,76,Male,Ahmedabad,Silver,44,2.51,No
1190,45,44442,71,Female,Ahmedabad,Gold,34,3.41,No
1191,42,53719,15,Female,Delhi,Gold,4,1.32,No
1192,56,78066,21,Male,Bengaluru,Gold,17,3.73,Yes
1193,50,113501,19,Female,Ahmedabad,Platinum,4,4.73,No
1194,18,22079,60,Male,Ahmedabad,Silver,43,3.3,Yes
1195,44,22717,93,Female,Mumbai,Platinum,26,1.5,No
1196,69,79676,89,Female,Bengaluru,Silver,4,3.33,Yes
1197,30,47952,33,Female,Ahmedabad,Platinum,1,4.07,No
1198,58,106444,49,Female,Mumbai,Gold,7,2.63,Yes
1199,20,62460,96,Male,Bengaluru,Gold,30,4.52,No
1200,56,110397,35,Male,Delhi,Gold,9,3.59,Yes
1201,23,92847,44,Female,Delhi,Platinum,35,4.6,No
1202,25,113607,90,Female,Mumbai,Silver,8,3.49,Yes
1203,44,109106,11,Male,Delhi,Silver,24,1.53,No
1204,26,38449,99,Female,Ahmedabad,Gold,19,2.24,No
1205,54,53536,72,Male,Bengaluru,Gold,36,1.81,No
1206,50,84077,78,Male,Ahmedabad,Gold,43,4.64,Yes
1207,68,58258,74,Male,Ahmedabad,Gold,27,4.04,Yes
1208,59,68302,66,Female,Delhi,Silver,32,3.71,Yes
1209,61,145937,46,Male,Ahmedabad,Platinum,14,2.2,Yes
1210,41,48865,9,Female,Delhi,Platinum,18,1.74,Yes
1211,32,26645,3,Male,Bengaluru,Platinum,28,4.03,No
1212,49,139771,85,Female,Bengaluru,Platinum,29,2.9,Yes
1213,49,58000,26,Female,Ahmedabad,Gold,16,1.9,No
1214,41,46737,72,Female,Mumbai,Gold,35,3.47,No
1215,58,31485,48,Male,Delhi,Gold,47,1.16,Yes
1216,69,58565,66,Male,Delhi,Platinum,31,2.3,No
1217,66,45522,70,Female,Ahmedabad,Gold,4,2.87,Yes
1218,66,139614,28,Female,Delhi,Gold,37,1.59,Yes
1219,69,85155,93,Female,Delhi,Silver,17,4.94,Yes
1220,29,75168,26,Male,Mumbai,Silver,39,1.84,No
1221,56,72487,25,Male,Mumbai,Gold,48,1.52,Yes
1222,19,149948,12,Male,Ahmedabad,Silver,46,1.81,Yes
1223,20,32342,5,Male,Mumbai,Silver,26,4.08,Yes
1224,66,60806,98,Female,Ahmedabad,Gold,48,2.7,No
1225,54,68770,48,Female,Bengaluru,Gold,39,3.26,Yes
1226,66,98623,37,Male,Ahmedabad,Gold,41,1.08,No
1227,34,123177,79,Male,Bengaluru,Gold,4,1.14,No
1228,66,119785,44,Female,Ahmedabad,Platinum,30,2.78,Yes
1229,19,95629,100,Male,Delhi,Platinum,30,4.27,No
1230,19,140993,15,Male,Mumbai,Gold,22,4.54,No
1231,45,72603,43,Male,Bengaluru,Silver,11,1.35,Yes
1232,40,146944,48,Male,Ahmedabad,Gold,2,3.15,Yes
1233,54,132726,87,Male,Mumbai,Gold,44,4.65,Yes
1234,49,101974,70,Male,Ahmedabad,Silver,12,2.55,No
1235,50,125947,46,Female,Mumbai,Platinum,30,4.32,Yes
1236,18,46399,43,Male,Mumbai,Gold,36,1.53,No
1237,36,148177,21,Male,Ahmedabad,Gold,18,4.74,No
1238,19,105382,23,Female,Bengaluru,Platinum,26,4.01,No
1239,61,101244,80,Female,Bengaluru,Platinum,7,4.77,No
1240,43,129575,47,Female,Delhi,Silver,1,3.71,No
1241,49,135520,15,Male,Mumbai,Platinum,26,2.45,Yes
1242,23,130904,25,Female,Delhi,Platinum,23,4.75,Yes
1243,49,96534,36,Male,Delhi,Platinum,26,2.1,No
1244,21,75106,75,Male,Ahmedabad,Silver,45,2.33,No
1245,28,132599,51,Male,Ahmedabad,Platinum,6,3.8,Yes
1246,34,50678,15,Female,Ahmedabad,Platinum,6,4.06,Yes
1247,55,96218,68,Female,Mumbai,Silver,44,4.72,No
1248,41,83230,21,Female,Ahmedabad,Platinum,8,1.82,No
1249,22,134684,13,Female,Ahmedabad,Platinum,24,4.19,Yes
1250,69,94055,86,Female,Mumbai,Silver,22,3.95,Yes
1251,51,76373,19,Male,Mumbai,Gold,19,1.26,No
1252,23,51480,34,Male,Bengaluru,Silver,37,2.55,Yes
1253,39,105230,78,Male,Ahmedabad,Platinum,18,2.13,Yes
1254,28,88836,68,Male,Ahmedabad,Platinum,31,2.22,No
1255,65,92258,52,Female,Ahmedabad,Platinum,37,4.93,No
1256,33,59986,27,Female,Bengaluru,Silver,30,3.57,No
1257,50,44160,29,Male,Ahmedabad,Platinum,42,3.87,Yes
1258,26,105595,28,Female,Bengaluru,Platinum,33,4.91,No
1259,23,121358,35,Female,Delhi,Silver,10,2.51,Yes
1260,33,99111,8,Male,Bengaluru,Gold,37,4.21,No
1261,46,84929,16,Male,Delhi,Gold,12,2.74,No
1262,20,93506,36,Female,Ahmedabad,Platinum,30,4.48,Yes
1263,37,54911,30,Female,Delhi,Silver,27,1.72,Yes
1264,53,107127,18,Male,Bengaluru,Platinum,39,4.79,No
1265,36,51821,2,Male,Mumbai,Silver,9,1.88,No
1266,43,95039,49,Male,Delhi,Silver,21,2.3,Yes
1267,20,80535,77,Female,Delhi,Gold,12,4.02,No
1268,36,133453,4,Male,Ahmedabad,Gold,29,2.58,Yes
1269,37,104458,90,Male,Bengaluru,Silver,33,3.43,Yes
1270,49,32175,89,Female,Delhi,Platinum,43,2.78,No
1271,24,139235,94,Female,Delhi,Gold,15,3.97,Yes
1272,69,74771,75,Female,Delhi,Platinum,2,1.91,Yes
1273,58,126660,7,Female,Delhi,Gold,39,1.23,Yes
1274,50,147157,95,Female,Mumbai,Gold,44,2.2,No
1275,57,141300,74,Male,Bengaluru,Platinum,18,2.9,Yes
1276,56,106925,39,Male,Ahmedabad,Gold,3,1.67,No
1277,35,133374,13,Female,Ahmedabad,Gold,7,2.42,No
1278,57,86358,31,Female,Mumbai,Platinum,43,2.6,No
1279,18,37327,71,Female,Bengaluru,Gold,18,1.23,Yes
1280,28,67057,63,Female,Delhi,Gold,44,3.33,Yes
1281,45,26150,56,Female,Mumbai,Gold,38,4.54,No
1282,42,24425,42,Male,Bengaluru,Platinum,37,1.61,No
1283,67,143654,61,Male,Delhi,Silver,33,3.39,Yes
1284,40,36032,42,Male,Mumbai,Platinum,44,3.66,No
1285,48,22198,56,Male,Bengaluru,Silver,31,2.68,No
1286,47,80500,36,Female,Ahmedabad,Gold,11,3.8,Yes
1287,59,73394,84,Male,Ahmedabad,Silver,4,2.64,No
1288,52,40079,68,Female,Bengaluru,Platinum,18,3.02,Yes
1289,24,56220,7,Female,Ahmedabad,Platinum,4,1.03,Yes
1290,33,61874,54,Female,Bengaluru,Gold,49,3.77,No
1291,43,33859,1,Male,Delhi,Silver,34,3.65,Yes
1292,65,70460,44,Female,Bengaluru,Gold,29,1.15,Yes
1293,69,51419,45,Male,Delhi,Gold,24,2.47,Yes
1294,66,138865,47,Male,Mumbai,Platinum,22,4.92,No
1295,19,28705,13,Female,Bengaluru,Silver,2,2.68,No
1296,18,62880,22,Female,Mumbai,Silver,44,3.01,No
1297,65,149838,21,Female,Ahmedabad,Silver,6,4.64,Yes
1298,29,43236,86,Male,Delhi,Silver,42,3.87,Yes
1299,22,107955,92,Female,Bengaluru,Gold,25,3.33,No
1300,54,105514,9,Male,Mumbai,Gold,21,4.19,No
1301,49,123145,26,Female,Delhi,Platinum,16,4.46,Yes
1302,26,35358,9,Female,Delhi,Gold,31,2.83,No
1303,58,119713,15,Male,Ahmedabad,Gold,14,2.9,No
1304,52,114914,10,Male,Ahmedabad,Platinum,39,2.54,No
1305,36,122870,88,Male,Delhi,Platinum,28,4.87,No
1306,65,96918,42,Male,Delhi,Platinum,32,3.79,No
1307,33,139179,72,Male,Bengaluru,Gold,28,1.33,Yes
1308,20,136243,24,Male,Delhi,Gold,49,4.45,No
1309,37,34596,80,Female,Bengaluru,Platinum,9,2.92,No
1310,41,53572,49,Female,Delhi,Platinum,45,1.28,Yes
1311,50,98757,26,Male,Ahmedabad,Platinum,22,3.2,Yes
1312,41,21279,91,Female,Bengaluru,Gold,32,2.67,Yes
1313,69,83197,37,Male,Mumbai,Gold,5,4.51,Yes
1314,28,131496,68,Female,Ahmedabad,Silver,23,1.82,No
1315,66,82516,50,Female,Bengaluru,Gold,5,4.31,No
1316,25,27083,24,Male,Bengaluru,Gold,42,3.23,No
1317,53,140674,19,Male,Mumbai,Gold,32,1.22,No
1318,55,140307,100,Male,Bengaluru,Platinum,10,4.89,Yes
1319,57,146457,60,Female,Delhi,Gold,39,3.05,Yes
1320,37,129397,39,Male,Mumbai,Platinum,15,2.16,No
1321,52,37771,74,Female,Ahmedabad,Silver,7,2.88,No
1322,65,49975,89,Male,Ahmedabad,Silver,29,4.43,No
1323,42,65648,18,Female,Delhi,Platinum,47,2.22,No
1324,52,145641,19,Female,Ahmedabad,Platinum,3,1.77,Yes
1325,42,68285,36,Male,Bengaluru,Platinum,19,1.52,No
1326,46,39063,74,Female,Bengaluru,Gold,10,2.19,Yes
1327,35,87642,97,Female,Delhi,Silver,28,4.12,Yes
1328,63,110093,55,Male,Ahmedabad,Platinum,29,2.89,Yes
1329,35,134390,69,Female,Ahmedabad,Gold,15,1.91,Yes
1330,19,106143,47,Male,Delhi,Silver,35,1.66,No
1331,52,57599,49,Male,Mumbai,Gold,6,2.33,No
1332,33,71920,99,Male,Ahmedabad,Silver,12,4.76,No
1333,58,48529,98,Male,Mumbai,Gold,47,2.37,No
1334,53,55954,33,Female,Ahmedabad,Silver,38,4.95,Yes
1335,50,47856,21,Female,Ahmedabad,Silver,13,2.94,Yes
1336,21,22573,81,Female,Ahmedabad,Gold,29,1.72,Yes
1337,50,98344,22,Male,Ahmedabad,Platinum,19,4.56,No
1338,31,55367,48,Female,Bengaluru,Silver,3,2.84,Yes
1339,38,122337,37,Female,Mumbai,Platinum,8,3.84,Yes
1340,65,126732,15,Male,Mumbai,Gold,8,4.93,Yes
1341,37,119608,35,Male,Ahmedabad,Platinum,20,1.2,Yes
1342,25,80774,92,Female,Ahmedabad,Platinum,47,1.39,No
1343,24,43752,71,Male,Mumbai,Platinum,4,3.88,Yes
1344,20,75029,32,Male,Bengaluru,Platinum,21,2.13,Yes
1345,34,37685,11,Male,Delhi,Platinum,3,1.74,No
1346,50,71693,10,Male,Delhi,Silver,45,1.16,No
1347,65,136739,73,Female,Mumbai,Silver,8,1.09,No
1348,29,75961,78,Male,Ahmedabad,Silver,23,4.1,Yes
1349,68,126937,77,Male,Ahmedabad,Gold,16,1.54,Yes
1350,39,144956,57,Male,Bengaluru,Platinum,13,2.87,Yes
1351,39,96908,25,Male,Delhi,Silver,3,3.42,Yes
1352,63,145537,2,Male,Bengaluru,Gold,48,2.71,No
1353,47,146678,64,Male,Delhi,Silver,9,1.11,Yes
1354,55,94532,35,Male,Mumbai,Silver,14,4.13,Yes
1355,55,101994,7,Male,Delhi,Platinum,13,1.04,No
1356,62,76133,85,Female,Bengaluru,Gold,7,4.05,No
1357,68,117425,18,Male,Bengaluru,Platinum,15,4.57,No
1358,25,145055,67,Female,Bengaluru,Platinum,7,2.73,Yes
1359,44,81268,42,Male,Mumbai,Silver,38,3.14,Yes
1360,44,112201,39,Male,Delhi,Platinum,34,2.91,Yes
1361,51,58243,41,Male,Delhi,Gold,41,2.56,Yes
1362,38,77384,75,Male,Bengaluru,Platinum,22,4.55,Yes
1363,47,51653,24,Female,Delhi,Platinum,24,4.58,No
1364,50,46657,60,Male,Ahmedabad,Platinum,49,2.34,No
1365,45,59952,46,Male,Ahmedabad,Silver,37,3.46,Yes
1366,64,42180,19,Female,Ahmedabad,Gold,44,4.71,Yes
1367,50,117432,68,Female,Delhi,Silver,1,4.85,Yes
1368,22,141829,90,Male,Mumbai,Silver,10,3.04,Yes
1369,65,148377,42,Female,Mumbai,Silver,43,2.81,Yes
1370,36,98411,32,Female,Mumbai,Silver,16,2.11,No
1371,21,21622,39,Female,Mumbai,Silver,46,4.84,No
1372,52,68756,36,Male,Ahmedabad,Gold,8,1.57,No
1373,66,60809,97,Male,Ahmedabad,Platinum,49,3.32,Yes
1374,34,36725,36,Male,Bengaluru,Silver,25,2.13,Yes
1375,61,81396,3,Female,Delhi,Silver,12,2.12,No
1376,45,71226,73,Male,Delhi,Gold,25,2.62,No
1377,47,126296,8,Female,Mumbai,Gold,17,5.0,Yes
1378,46,101182,97,Male,Ahmedabad,Platinum,26,1.22,No
1379,63,102565,70,Male,Mumbai,Gold,46,3.31,No
1380,23,49402,41,Female,Bengaluru,Platinum,48,1.33,Yes
1381,52,24263,68,Male,Delhi,Silver,14,1.62,No
1382,58,143489,13,Female,Delhi,Silver,41,2.76,No
1383,54,116523,49,Female,Mumbai,Platinum,36,3.04,No
1384,41,66828,60,Male,Bengaluru,Gold,23,2.04,Yes
1385,46,140824,2,Female,Delhi,Platinum,43,2.27,No
1386,66,67924,60,Male,Bengaluru,Gold,6,1.35,No
1387,63,94182,5,Male,Bengaluru,Silver,47,2.21,No
1388,48,113065,44,Female,Mumbai,Gold,5,4.87,Yes
1389,52,79052,27,Male,Ahmedabad,Platinum,43,4.78,Yes
1390,50,31664,32,Female,Mumbai,Platinum,25,2.34,No
1391,69,55737,21,Male,Ahmedabad,Silver,18,3.28,Yes
1392,38,121332,8,Male,Bengaluru,Gold,13,4.64,No
1393,49,109563,72,Male,Ahmedabad,Gold,43,1.02,Yes
1394,40,49373,50,Male,Bengaluru,Gold,14,4.24,Yes
1395,50,137369,67,Male,Delhi,Silver,28,4.79,No
1396,20,56397,44,Female,Delhi,Gold,18,1.37,No
1397,35,148575,58,Female,Delhi,Platinum,28,1.65,No
1398,42,106145,3,Female,Mumbai,Gold,27,4.84,Yes
1399,59,121371,86,Female,Mumbai,Silver,32,3.15,No
1400,48,58709,70,Female,Bengaluru,Gold,47,1.06,Yes
1401,20,136074,2,Female,Delhi,Gold,9,2.03,Yes
1402,57,81120,87,Male,Mumbai,Platinum,40,2.8,No
1403,63,39250,44,Male,Delhi,Gold,32,3.77,Yes
1404,41,41172,2,Female,Mumbai,Platinum,20,3.93,No
1405,67,31555,81,Female,Ahmedabad,Platinum,28,4.98,Yes
1406,49,107410,35,Male,Ahmedabad,Silver,33,2.15,No
1407,64,98617,98,Male,Delhi,Platinum,4,3.15,Yes
1408,39,73276,87,Male,Bengaluru,Platinum,46,3.13,Yes
1409,40,77492,30,Female,Mumbai,Silver,34,2.62,No
1410,19,73002,8,Female,Mumbai,Platinum,48,1.68,Yes
1411,44,140103,22,Female,Ahmedabad,Silver,3,4.91,No
1412,59,144938,44,Male,Ahmedabad,Gold,26,4.41,Yes
1413,19,109599,58,Male,Bengaluru,Silver,8,2.99,Yes
1414,43,92355,36,Female,Bengaluru,Platinum,6,3.41,Yes
1415,34,111248,69,Female,Bengaluru,Silver,16,1.91,No
1416,57,44762,77,Male,Delhi,Platinum,24,3.18,No
1417,50,31046,93,Male,Ahmedabad,Gold,48,3.78,No
1418,26,116999,31,Male,Delhi,Silver,39,3.06,No
1419,60,144130,47,Male,Ahmedabad,Gold,30,4.96,No
1420,65,136021,55,Female,Ahmedabad,Platinum,45,3.45,Yes
1421,56,48769,80,Male,Mumbai,Platinum,13,2.48,Yes
1422,46,73302,62,Male,Ahmedabad,Gold,5,4.09,No
1423,59,43150,30,Male,Ahmedabad,Silver,25,1.68,Yes
1424,43,88247,55,Female,Delhi,Silver,20,2.54,Yes
1425,52,24853,16,Female,Ahmedabad,Platinum,18,2.39,Yes
1426,67,114613,12,Male,Delhi,Gold,47,2.73,Yes
1427,42,140900,17,Male,Bengaluru,Gold,18,4.13,No
1428,41,109399,16,Male,Ahmedabad,Silver,2,2.94,Yes
1429,30,41792,12,Female,Ahmedabad,Silver,10,4.18,No
1430,24,79129,8,Female,Delhi,Silver,45,3.31,No
1431,53,126019,84,Female,Bengaluru,Gold,47,2.37,Yes
1432,62,94478,3,Male,Mumbai,Silver,12,4.24,No
1433,37,133811,16,Female,Bengaluru,Silver,47,1.95,Yes
1434,18,134130,30,Male,Delhi,Platinum,13,1.9,Yes
1435,25,87298,23,Male,Bengaluru,Silver,47,3.02,Yes
1436,63,51987,92,Male,Delhi,Silver,11,2.04,No
1437,33,35850,5,Female,Delhi,Gold,19,1.04,No
1438,31,32112,84,Male,Mumbai,Gold,35,3.59,No
1439,29,141789,65,Female,Ahmedabad,Platinum,39,3.04,Yes
1440,68,44058,30,Female,Delhi,Silver,26,2.78,Yes
1441,40,65420,21,Male,Delhi,Platinum,46,4.87,Yes
1442,32,58890,84,Male,Mumbai,Gold,14,3.28,No
1443,45,86017,70,Female,Delhi,Platinum,45,4.45,Yes
1444,51,67304,22,Male,Ahmedabad,Gold,44,1.56,Yes
1445,19,52921,82,Female,Mumbai,Platinum,24,3.28,No
1446,49,125921,72,Male,Ahmedabad,Platinum,41,4.47,No
1447,40,21524,32,Female,Ahmedabad,Silver,1,3.33,No
1448,39,120424,33,Female,Mumbai,Platinum,43,3.87,Yes
1449,68,35048,16,Female,Delhi,Silver,22,2.49,Yes
1450,42,55111,76,Female,Ahmedabad,Silver,23,1.37,Yes
1451,39,57904,38,Male,Ahmedabad,Silver,19,2.83,No
1452,39,74912,98,Male,Ahmedabad,Silver,18,2.58,No
1453,66,54008,14,Female,Ahmedabad,Platinum,12,4.47,No
1454,69,20060,36,Female,Mumbai,Gold,28,1.98,No
1455,59,94666,97,Male,Mumbai,Gold,28,4.87,Yes
1456,23,103559,23,Male,Bengaluru,Gold,33,4.83,Yes
1457,32,75337,66,Male,Bengaluru,Platinum,19,1.99,Yes
1458,60,130616,85,Male,Ahmedabad,Silver,28,2.39,Yes
1459,54,33350,2,Male,Delhi,Gold,49,4.58,Yes
1460,50,44354,91,Male,Ahmedabad,Platinum,37,4.87,Yes
1461,25,65186,73,Female,Delhi,Silver,26,2.77,Yes
1462,61,48145,65,Male,Ahmedabad,Gold,35,2.28,Yes
1463,61,54020,75,Male,Bengaluru,Silver,34,3.1,No
1464,22,106123,67,Female,Bengaluru,Gold,35,3.75,No
1465,56,126667,52,Male,Delhi,Gold,40,2.09,Yes
1466,21,95186,62,Male,Ahmedabad,Gold,16,3.95,No
1467,23,105469,23,Male,Delhi,Silver,38,1.21,Yes
1468,62,40581,26,Male,Bengaluru,Platinum,13,1.2,Yes
1469,49,108929,68,Male,Ahmedabad,Silver,23,2.55,No
1470,69,43051,82,Female,Ahmedabad,Gold,22,2.41,Yes
1471,47,71474,55,Male,Delhi,Silver,16,2.26,Yes
1472,64,111748,6,Female,Mumbai,Platinum,28,2.96,Yes
1473,52,145995,35,Female,Delhi,Silver,48,2.28,Yes
1474,57,134618,22,Male,Bengaluru,Platinum,35,1.77,Yes
1475,69,89626,43,Female,Bengaluru,Platinum,45,2.24,Yes
1476,33,26960,15,Male,Bengaluru,Silver,46,4.9,Yes
1477,30,55772,86,Female,Bengaluru,Gold,8,2.64,No
1478,67,41520,60,Female,Bengaluru,Platinum,44,2.78,No
1479,59,69481,12,Male,Mumbai,Silver,22,3.31,Yes
1480,47,56408,49,Male,Ahmedabad,Platinum,21,4.93,No
1481,36,114006,42,Male,Delhi,Gold,26,1.97,Yes
1482,34,148496,38,Male,Delhi,Silver,40,3.73,Yes
1483,36,77134,82,Male,Bengaluru,Silver,21,3.86,Yes
1484,45,40491,45,Female,Delhi,Silver,25,3.43,Yes
1485,43,21341,35,Female,Bengaluru,Gold,41,1.35,No
1486,54,64623,30,Female,Mumbai,Platinum,1,3.71,No
1487,43,110327,88,Female,Mumbai,Silver,6,1.26,No
1488,40,20338,30,Female,Ahmedabad,Platinum,23,3.38,No
1489,26,91431,78,Female,Mumbai,Platinum,23,3.96,Yes
1490,29,32254,6,Female,Mumbai,Gold,43,1.84,No
1491,18,71860,67,Male,Ahmedabad,Silver,43,4.37,Yes
1492,18,31344,80,Male,Delhi,Platinum,23,1.12,Yes
1493,64,21750,7,Female,Bengaluru,Silver,32,4.38,No
1494,51,74756,52,Female,Bengaluru,Silver,30,2.84,Yes
1495,49,87957,14,Male,Delhi,Gold,13,1.87,No
1496,65,125423,73,Male,Ahmedabad,Silver,43,1.54,No
1497,42,78053,15,Male,Delhi,Silver,18,4.81,No
1498,57,90855,21,Male,Mumbai,Platinum,23,1.29,No
1499,62,35896,35,Female,Ahmedabad,Gold,15,1.8,No
1500,18,75761,66,Male,Ahmedabad,Silver,33,2.39,Yes
1501,33,82552,91,Female,Ahmedabad,Platinum,21,3.48,No
1502,56,140075,2,Female,Bengaluru,Gold,39,3.18,No
1503,22,97454,35,Female,Delhi,Gold,23,1.5,Yes
1504,39,146522,82,Male,Ahmedabad,Platinum,27,2.16,No
1505,46,138681,78,Male,Ahmedabad,Platinum,45,1.96,No
1506,20,110600,20,Female,Ahmedabad,Platinum,44,1.85,Yes
1507,29,142732,82,Female,Delhi,Platinum,18,2.64,Yes
1508,43,132153,10,Female,Bengaluru,Platinum,24,3.82,No
1509,33,142926,25,Male,Mumbai,Silver,47,1.87,Yes
1510,68,47935,66,Female,Bengaluru,Silver,40,2.47,No
1511,54,57641,25,Male,Ahmedabad,Gold,42,2.56,Yes
1512,39,49711,54,Female,Bengaluru,Silver,7,4.91,No
1513,46,90342,33,Female,Bengaluru,Silver,48,4.82,No
1514,31,126896,36,Female,Mumbai,Silver,20,4.2,No
1515,45,32182,95,Male,Delhi,Platinum,27,1.97,Yes
1516,22,107833,14,Male,Delhi,Gold,6,1.27,No
1517,64,76276,65,Female,Bengaluru,Gold,27,2.27,Yes
1518,66,39541,80,Male,Bengaluru,Gold,9,2.07,No
1519,47,114457,54,Female,Delhi,Gold,45,3.02,No
1520,63,102310,52,Male,Delhi,Silver,31,4.11,No
1521,69,64813,3,Male,Mumbai,Silver,21,4.43,No
1522,22,57198,99,Male,Ahmedabad,Platinum,26,4.38,No
1523,29,28820,41,Female,Bengaluru,Gold,40,2.44,Yes
1524,33,44070,6,Male,Delhi,Silver,48,3.75,Yes
1525,43,89768,25,Male,Bengaluru,Silver,45,2.25,Yes
1526,43,31122,13,Female,Bengaluru,Platinum,13,1.24,No
1527,65,100559,98,Female,Delhi,Platinum,49,3.81,No
1528,38,93543,8,Female,Mumbai,Platinum,23,1.04,Yes
1529,56,103441,21,Female,Bengaluru,Silver,20,2.64,No
1530,53,61786,98,Male,Mumbai,Silver,37,2.32,No
1531,50,114934,68,Male,Delhi,Platinum,28,3.77,No
1532,47,119804,25,Male,Ahmedabad,Gold,17,4.06,Yes
1533,54,26737,79,Male,Ahmedabad,Platinum,28,2.22,Yes
1534,40,56062,68,Male,Bengaluru,Platinum,41,4.25,Yes
1535,27,74237,45,Female,Delhi,Platinum,2,2.18,Yes
1536,22,71571,60,Male,Mumbai,Platinum,25,2.79,Yes
1537,53,45510,12,Male,Bengaluru,Silver,41,3.91,No
1538,51,39426,32,Male,Delhi,Gold,6,3.77,No
1539,69,57265,96,Female,Delhi,Platinum,11,4.95,No
1540,48,37850,92,Female,Mumbai,Gold,38,1.9,No
1541,27,138249,13,Male,Bengaluru,Gold,6,3.65,Yes
1542,36,86150,31,Female,Delhi,Gold,45,3.44,Yes
1543,49,107312,78,Female,Delhi,Platinum,11,4.66,No
1544,18,109613,20,Female,Delhi,Silver,14,1.63,Yes
1545,22,94910,18,Female,Mumbai,Platinum,2,4.01,No
1546,62,72375,93,Female,Bengaluru,Gold,40,3.27,No
1547,21,141826,60,Female,Bengaluru,Gold,3,2.1,No
1548,33,55435,63,Female,Bengaluru,Silver,35,2.9,No
1549,41,116443,6,Male,Bengaluru,Platinum,33,2.34,Yes
1550,33,77132,32,Male,Ahmedabad,Gold,24,3.32,No
1551,19,98945,93,Female,Ahmedabad,Silver,19,4.56,Yes
1552,66,102050,43,Male,Bengaluru,Gold,18,3.28,No
1553,45,149828,2,Male,Mumbai,Silver,49,3.53,No
1554,49,115402,60,Female,Ahmedabad,Silver,24,3.07,No
1555,44,22983,23,Male,Delhi,Platinum,45,1.2,No
1556,37,117241,83,Female,Ahmedabad,Gold,35,1.93,Yes
1557,41,40662,31,Female,Delhi,Platinum,1,2.97,No
1558,29,43510,5,Female,Bengaluru,Gold,36,2.24,Yes
1559,67,98187,83,Male,Ahmedabad,Platinum,25,1.73,No
1560,52,60998,34,Male,Mumbai,Gold,45,3.02,No
1561,50,76846,10,Male,Ahmedabad,Platinum,49,2.29,No
1562,50,114071,89,Male,Ahmedabad,Silver,43,2.03,Yes
1563,68,26640,2,Female,Ahmedabad,Gold,34,2.86,No
1564,60,64547,11,Female,Bengaluru,Gold,25,1.53,No
1565,54,74620,50,Male,Mumbai,Silver,16,4.71,No
1566,29,35317,31,Female,Ahmedabad,Platinum,34,4.47,No
1567,20,135608,56,Female,Mumbai,Gold,29,3.83,No
1568,18,27564,79,Male,Bengaluru,Gold,19,1.42,Yes
1569,50,47345,73,Female,Delhi,Platinum,23,4.1,Yes
1570,57,133824,87,Male,Ahmedabad,Silver,19,4.23,No
1571,27,114223,83,Female,Mumbai,Platinum,25,4.07,No
1572,60,143372,9,Male,Mumbai,Platinum,16,1.46,Yes
1573,61,99273,99,Female,Bengaluru,Platinum,9,3.58,No
1574,46,94859,21,Female,Ahmedabad,Gold,1,4.34,Yes
1575,30,100765,73,Male,Delhi,Silver,42,3.31,No
1576,29,130017,28,Male,Mumbai,Silver,19,3.59,No
1577,48,94038,62,Male,Ahmedabad,Platinum,33,2.83,Yes
1578,63,143618,7,Male,Delhi,Gold,34,3.11,No
1579,19,72393,80,Female,Mumbai,Platinum,16,1.14,Yes
1580,68,86081,16,Female,Mumbai,Gold,44,3.56,Yes
1581,67,145341,97,Male,Delhi,Gold,40,1.33,Yes
1582,52,122650,4,Female,Delhi,Gold,18,2.74,No
1583,40,49430,4,Male,Bengaluru,Gold,34,2.17,Yes
1584,34,95532,40,Male,Ahmedabad,Silver,25,3.18,Yes
1585,43,47788,17,Female,Ahmedabad,Gold,45,1.53,No
1586,25,115505,52,Female,Bengaluru,Gold,6,3.77,No
1587,46,68543,93,Male,Mumbai,Platinum,21,4.18,No
1588,43,33919,52,Male,Delhi,Platinum,6,1.65,No
1589,27,89346,36,Male,Delhi,Silver,32,1.42,No
1590,43,116122,38,Female,Delhi,Platinum,41,1.58,No
1591,51,59974,50,Female,Mumbai,Gold,48,4.51,Yes
1592,68,127309,63,Female,Delhi,Platinum,43,3.11,No
1593,58,36371,63,Female,Delhi,Silver,39,2.87,Yes
1594,24,65084,62,Male,Bengaluru,Platinum,31,1.43,No
1595,21,49629,99,Male,Mumbai,Platinum,42,3.6,Yes
1596,67,71184,7,Male,Ahmedabad,Silver,10,4.47,Yes
1597,62,81916,27,Male,Bengaluru,Silver,30,4.31,No
1598,28,147293,92,Male,Bengaluru,Gold,18,3.5,No
1599,46,93972,86,Male,Ahmedabad,Platinum,24,1.3,Yes
1600,53,82187,14,Female,Bengaluru,Gold,9,1.45,No
1601,42,32984,71,Female,Mumbai,Platinum,31,1.2,No
1602,38,53039,86,Male,Delhi,Platinum,15,2.03,Yes
1603,53,105431,5,Male,Mumbai,Gold,4,1.54,Yes
1604,27,103691,55,Female,Ahmedabad,Platinum,40,2.04,Yes
1605,54,78606,2,Female,Ahmedabad,Platinum,9,2.54,No
1606,26,30616,62,Female,Bengaluru,Platinum,45,4.77,No
1607,41,122665,91,Female,Mumbai,Silver,9,3.44,No
1608,52,125373,21,Male,Mumbai,Gold,26,4.34,No
1609,66,70072,79,Male,Ahmedabad,Silver,4,3.84,Yes
1610,52,44574,21,Male,Mumbai,Gold,17,1.45,No
1611,65,23430,10,Male,Ahmedabad,Gold,16,3.94,Yes
1612,53,139123,87,Male,Mumbai,Platinum,15,2.1,No
1613,35,32676,58,Female,Mumbai,Gold,35,3.56,No
1614,66,30816,39,Male,Mumbai,Silver,5,2.36,Yes
1615,56,52733,5,Female,Ahmedabad,Silver,5,4.99,No
1616,49,105680,65,Male,Bengaluru,Silver,20,2.05,No
1617,41,22050,13,Male,Mumbai,Gold,15,2.12,Yes
1618,40,129996,85,Male,Ahmedabad,Silver,18,4.72,No
1619,49,53933,90,Male,Ahmedabad,Gold,47,1.1,Yes
1620,54,44951,85,Male,Mumbai,Silver,2,3.79,Yes
1621,29,52413,53,Female,Mumbai,Silver,29,3.9,Yes
1622,66,54801,82,Female,Bengaluru,Gold,13,4.35,Yes
1623,30,75619,45,Female,Ahmedabad,Silver,4,4.9,No
1624,40,52913,32,Male,Ahmedabad,Platinum,42,4.9,No
1625,42,132573,36,Male,Delhi,Gold,45,1.26,No
1626,52,139076,81,Female,Ahmedabad,Gold,10,4.29,Yes
1627,58,60600,99,Male,Bengaluru,Gold,31,3.59,No
1628,47,77775,60,Male,Delhi,Platinum,41,3.59,No
1629,34,110816,11,Female,Delhi,Gold,8,1.51,No
1630,66,149972,63,Male,Delhi,Silver,3,3.6,No
1631,37,110093,21,Female,Mumbai,Silver,48,4.93,Yes
1632,65,132590,52,Male,Mumbai,Silver,46,4.65,Yes
1633,42,55400,55,Female,Ahmedabad,Gold,9,2.76,No
1634,39,24494,26,Male,Delhi,Silver,30,1.16,Yes
1635,30,100688,68,Male,Bengaluru,Gold,11,2.45,No
1636,36,142744,34,Female,Mumbai,Silver,35,4.31,No
1637,66,109431,52,Male,Bengaluru,Platinum,37,3.81,No
1638,53,94691,82,Male,Bengaluru,Platinum,42,2.84,Yes
1639,29,117419,99,Female,Mumbai,Platinum,13,1.22,No
1640,58,128730,93,Male,Mumbai,Platinum,36,2.71,Yes
1641,36,63001,52,Female,Mumbai,Gold,13,2.88,Yes
1642,29,87364,29,Male,Mumbai,Silver,12,4.71,No
1643,26,144988,38,Male,Delhi,Platinum,37,3.56,Yes
1644,24,65028,42,Male,Delhi,Gold,10,2.25,Yes
1645,45,127434,21,Male,Delhi,Platinum,9,3.1,No
1646,31,117659,42,Female,Delhi,Platinum,7,1.26,Yes
1647,48,57573,13,Male,Ahmedabad,Gold,2,4.89,Yes
1648,69,20806,64,Female,Delhi,Gold,23,2.44,No
1649,36,144343,17,Male,Mumbai,Silver,39,2.91,No
1650,64,76638,9,Male,Bengaluru,Silver,40,2.42,Yes
1651,33,148301,41,Male,Delhi,Platinum,39,3.73,No
1652,22,146295,1,Male,Ahmedabad,Platinum,21,3.65,No
1653,52,126506,2,Female,Mumbai,Silver,23,3.86,Yes
1654,29,49757,60,Female,Bengaluru,Silver,29,2.07,Yes
1655,42,54636,48,Female,Bengaluru,Gold,14,2.26,No
1656,69,100097,29,Female,Delhi,Silver,26,1.5,Yes
1657,38,68280,97,Male,Bengaluru,Silver,5,3.62,No
1658,53,44262,10,Female,Delhi,Platinum,31,1.16,No
1659,40,100435,58,Female,Delhi,Silver,25,3.39,Yes
1660,33,82211,60,Male,Mumbai,Platinum,31,4.48,Yes
1661,56,74842,21,Male,Mumbai,Silver,20,4.56,No
1662,62,148583,28,Male,Ahmedabad,Gold,44,2.8,No
1663,59,76979,75,Male,Mumbai,Silver,17,2.84,No
1664,56,134524,34,Female,Mumbai,Silver,45,1.31,No
1665,31,101470,8,Female,Delhi,Silver,2,3.68,Yes
1666,48,58197,59,Male,Mumbai,Platinum,25,4.29,No
1667,22,61844,86,Male,Delhi,Gold,13,1.98,Yes
1668,52,84754,72,Male,Delhi,Silver,39,2.69,Yes
1669,40,121868,49,Female,Mumbai,Platinum,28,4.36,No
1670,46,54157,79,Female,Ahmedabad,Gold,42,4.51,Yes
1671,60,97129,17,Male,Ahmedabad,Platinum,6,1.97,Yes
1672,28,60042,60,Male,Bengaluru,Platinum,3,3.2,No
1673,35,81665,87,Female,Bengaluru,Gold,35,1.77,Yes
1674,64,135512,88,Male,Mumbai,Silver,18,1.41,Yes
1675,29,136953,45,Male,Ahmedabad,Platinum,11,4.64,No
1676,26,102856,83,Female,Delhi,Platinum,20,4.28,No
1677,27,47376,69,Male,Bengaluru,Silver,5,4.04,No
1678,61,129049,32,Female,Delhi,Silver,19,1.2,No
1679,34,75554,44,Male,Bengaluru,Gold,22,4.37,No
1680,55,34199,65,Male,Mumbai,Gold,19,2.75,No
1681,24,138533,87,Female,Ahmedabad,Gold,47,2.37,No
1682,63,101412,8,Female,Bengaluru,Silver,16,3.19,Yes
1683,30,70948,77,Male,Ahmedabad,Platinum,24,1.37,Yes
1684,57,93781,72,Female,Delhi,Platinum,41,4.03,No
1685,59,92750,87,Male,Mumbai,Gold,4,3.33,Yes
1686,26,86262,43,Male,Ahmedabad,Silver,15,1.75,Yes
1687,67,137424,1,Female,Mumbai,Platinum,25,1.75,No
1688,44,66600,51,Male,Ahmedabad,Gold,44,1.74,Yes
1689,19,96898,24,Male,Delhi,Platinum,35,1.23,No
1690,22,82483,99,Female,Delhi,Platinum,14,3.35,Yes
1691,46,38297,24,Female,Mumbai,Silver,49,4.36,No
1692,54,50448,17,Male,Delhi,Silver,19,1.07,Yes
1693,55,46172,5,Female,Bengaluru,Platinum,38,1.2,Yes
1694,36,62874,20,Female,Ahmedabad,Gold,36,3.29,Yes
1695,25,27657,21,Female,Delhi,Silver,7,4.28,No
1696,65,104386,58,Female,Bengaluru,Platinum,30,2.31,Yes
1697,62,145617,31,Male,Mumbai,Silver,19,2.4,Yes
1698,18,45425,100,Male,Bengaluru,Silver,49,3.39,No
1699,39,46685,11,Male,Mumbai,Silver,25,2.1,No
1700,69,142000,52,Female,Mumbai,Platinum,16,1.11,Yes
1701,34,132855,15,Female,Ahmedabad,Gold,47,3.94,Yes
1702,24,44578,83,Female,Ahmedabad,Gold,40,3.5,Yes
1703,42,48831,7,Female,Bengaluru,Gold,8,3.32,Yes
1704,62,27906,28,Female,Ahmedabad,Silver,18,3.97,No
1705,21,81413,51,Female,Ahmedabad,Platinum,28,3.7,Yes
1706,53,74028,58,Female,Ahmedabad,Silver,16,1.82,Yes
1707,23,27287,5,Male,Bengaluru,Gold,19,2.41,No
1708,48,53660,5,Male,Delhi,Gold,42,1.5,Yes
1709,36,95758,94,Female,Ahmedabad,Platinum,17,1.52,Yes
1710,61,80504,96,Female,Ahmedabad,Silver,45,3.7,Yes
1711,56,79720,8,Female,Bengaluru,Gold,13,4.43,No
1712,44,122979,64,Male,Delhi,Platinum,7,4.85,No
1713,27,54701,10,Male,Ahmedabad,Silver,27,3.51,Yes
1714,43,103300,38,Female,Mumbai,Silver,10,1.74,Yes
1715,36,130177,96,Female,Bengaluru,Gold,34,1.42,No
1716,56,37674,92,Male,Ahmedabad,Gold,36,4.25,Yes
1717,20,103560,81,Male,Ahmedabad,Silver,25,3.32,Yes
1718,62,131543,95,Male,Mumbai,Silver,6,3.47,No
1719,30,43874,8,Male,Mumbai,Gold,24,4.13,No
1720,67,63642,25,Female,Bengaluru,Silver,18,3.81,No
1721,45,143867,73,Male,Bengaluru,Gold,23,4.34,Yes
1722,37,117820,66,Male,Mumbai,Silver,6,1.22,Yes
1723,45,85160,79,Female,Bengaluru,Gold,29,3.99,Yes
1724,25,37602,50,Male,Mumbai,Platinum,25,4.4,Yes
1725,58,123320,67,Male,Ahmedabad,Gold,17,2.14,No
1726,56,108801,49,Male,Mumbai,Gold,46,3.56,Yes
1727,18,45931,36,Female,Mumbai,Platinum,24,2.26,Yes
1728,20,114377,68,Male,Delhi,Silver,11,4.83,No
1729,30,49192,78,Female,Mumbai,Platinum,26,1.13,No
1730,45,66542,41,Female,Mumbai,Gold,34,3.32,Yes
1731,66,147015,89,Male,Delhi,Silver,28,1.67,No
1732,42,62520,62,Male,Bengaluru,Platinum,3,3.85,No
1733,50,84772,10,Male,Delhi,Silver,11,1.7,Yes
1734,55,78762,21,Male,Ahmedabad,Silver,38,1.94,Yes
1735,23,70106,36,Female,Delhi,Platinum,14,2.98,Yes
1736,61,101121,12,Male,Ahmedabad,Silver,26,4.66,Yes
1737,62,45559,91,Male,Bengaluru,Platinum,48,1.85,No
1738,49,125595,2,Male,Delhi,Gold,21,1.58,No
1739,62,53742,13,Female,Delhi,Silver,39,4.04,Yes
1740,64,89669,53,Male,Bengaluru,Gold,30,3.0,Yes
1741,38,100199,32,Male,Ahmedabad,Gold,8,4.65,No
1742,33,41754,95,Female,Delhi,Silver,20,1.59,Yes
1743,38,23972,16,Female,Ahmedabad,Platinum,48,3.58,Yes
1744,28,90831,32,Male,Delhi,Silver,32,1.93,Yes
1745,54,132217,32,Male,Mumbai,Gold,22,1.63,Yes
1746,53,61873,98,Male,Delhi,Gold,7,3.73,No
1747,52,114661,11,Male,Bengaluru,Platinum,9,3.37,Yes
1748,36,126532,10,Male,Bengaluru,Silver,45,4.02,No
1749,37,146267,15,Female,Ahmedabad,Gold,1,2.24,Yes
1750,35,29903,17,Female,Delhi,Gold,29,2.79,Yes
1751,64,23020,40,Male,Ahmedabad,Gold,8,2.62,No
1752,58,61755,18,Male,Ahmedabad,Platinum,4,4.94,Yes
1753,66,105956,55,Female,Mumbai,Gold,35,2.17,No
1754,31,106988,73,Male,Mumbai,Gold,3,2.18,Yes
1755,32,65648,25,Male,Bengaluru,Silver,45,2.42,Yes
1756,48,123537,59,Male,Ahmedabad,Silver,40,3.26,Yes
1757,18,145991,78,Male,Bengaluru,Gold,7,2.01,Yes
1758,20,29516,89,Male,Delhi,Gold,27,4.66,Yes
1759,33,132863,22,Female,Ahmedabad,Silver,1,2.06,No
1760,40,135005,30,Male,Ahmedabad,Platinum,27,4.58,No
1761,28,22396,84,Male,Delhi,Platinum,16,1.41,Yes
1762,29,104082,85,Male,Delhi,Platinum,38,3.63,Yes
1763,27,39129,44,Female,Bengaluru,Platinum,7,4.63,No
1764,49,148322,32,Female,Bengaluru,Platinum,44,1.67,No
1765,33,21591,51,Female,Delhi,Platinum,23,4.87,Yes
1766,25,31303,46,Female,Bengaluru,Platinum,41,2.81,Yes
1767,55,50561,21,Male,Delhi,Platinum,11,4.78,No
1768,29,91719,99,Female,Ahmedabad,Silver,42,3.71,Yes
1769,41,138618,32,Male,Ahmedabad,Platinum,33,2.21,No
1770,45,112108,94,Male,Mumbai,Platinum,36,1.75,Yes
1771,25,148748,39,Female,Ahmedabad,Platinum,37,2.21,No
1772,45,119616,12,Female,Delhi,Gold,41,1.37,No
1773,53,144165,47,Female,Bengaluru,Silver,17,1.58,Yes
1774,43,106231,18,Female,Mumbai,Silver,35,1.42,No
1775,25,27314,21,Female,Bengaluru,Silver,48,2.69,Yes
1776,67,137071,13,Male,Delhi,Platinum,5,4.18,Yes
1777,45,39623,21,Female,Ahmedabad,Platinum,48,1.57,Yes
1778,45,87675,8,Female,Mumbai,Gold,32,1.52,Yes
1779,54,132992,46,Female,Delhi,Silver,3,3.57,No
1780,58,116826,7,Male,Mumbai,Platinum,47,1.79,Yes
1781,53,85082,23,Female,Mumbai,Silver,35,1.39,Yes
1782,44,149839,96,Male,Ahmedabad,Gold,14,1.67,Yes
1783,34,103624,75,Female,Delhi,Gold,48,4.69,Yes
1784,26,125228,86,Female,Bengaluru,Gold,31,4.29,No
1785,50,53130,22,Male,Mumbai,Silver,31,2.42,Yes
1786,37,71756,89,Female,Mumbai,Platinum,17,3.62,No
1787,30,117624,22,Male,Bengaluru,Platinum,24,3.15,No
1788,45,46292,92,Male,Delhi,Gold,23,3.71,No
1789,65,131785,29,Male,Mumbai,Platinum,18,3.73,Yes
1790,46,147331,13,Female,Mumbai,Gold,14,3.51,Yes
1791,30,106206,82,Female,Mumbai,Silver,15,2.06,Yes
1792,63,89274,2,Female,Delhi,Gold,15,1.16,Yes
1793,52,22469,29,Male,Delhi,Silver,6,2.82,No
1794,23,73947,85,Female,Bengaluru,Gold,27,4.56,No
1795,35,42534,79,Male,Delhi,Platinum,15,3.28,Yes
1796,68,83620,52,Female,Delhi,Platinum,36,4.33,Yes
1797,22,68874,27,Male,Ahmedabad,Gold,8,4.97,Yes
1798,64,69708,50,Male,Bengaluru,Platinum,15,1.65,Yes
1799,42,94553,95,Male,Mumbai,Platinum,3,3.77,Yes
1800,19,88344,79,Female,Delhi,Platinum,47,3.7,Yes
1801,27,69138,23,Male,Mumbai,Silver,13,4.92,Yes
1802,47,74302,88,Male,Mumbai,Platinum,41,4.94,No
1803,67,67638,44,Male,Ahmedabad,Silver,34,3.75,No
1804,62,98249,77,Male,Delhi,Gold,24,1.97,No
1805,22,125865,22,Male,Bengaluru,Platinum,40,4.19,No
1806,50,22719,43,Male,Delhi,Platinum,32,1.43,Yes
1807,18,42890,37,Female,Mumbai,Platinum,32,4.12,Yes
1808,35,97236,61,Female,Bengaluru,Gold,30,4.64,Yes
1809,49,56509,97,Male,Delhi,Silver,49,2.53,Yes
1810,64,62534,56,Female,Mumbai,Silver,13,3.52,Yes
1811,66,122302,3,Female,Mumbai,Platinum,1,2.72,No
1812,28,112241,63,Male,Ahmedabad,Gold,34,2.75,Yes
1813,38,38787,19,Male,Ahmedabad,Gold,15,2.24,No
1814,43,146209,23,Male,Ahmedabad,Gold,44,4.05,Yes
1815,42,68845,29,Female,Mumbai,Gold,14,4.74,No
1816,39,77932,30,Male,Delhi,Gold,29,4.76,Yes
1817,44,112124,39,Female,Ahmedabad,Silver,34,1.7,No
1818,66,111659,25,Male,Delhi,Silver,18,4.5,Yes
1819,30,53062,8,Female,Ahmedabad,Silver,7,3.95,Yes
1820,50,95713,58,Male,Bengaluru,Platinum,29,2.01,Yes
1821,51,107263,16,Male,Bengaluru,Gold,31,1.27,Yes
1822,58,115756,72,Female,Ahmedabad,Platinum,25,2.07,No
1823,52,80461,1,Female,Mumbai,Gold,38,4.65,Yes
1824,18,95418,5,Female,Ahmedabad,Silver,14,3.53,No
1825,38,86672,3,Female,Ahmedabad,Platinum,8,3.88,Yes
1826,65,148232,65,Female,Mumbai,Silver,27,2.03,No
1827,23,54832,4,Female,Bengaluru,Gold,2,3.88,Yes
1828,45,147335,99,Male,Delhi,Gold,17,1.11,Yes
1829,34,51966,96,Female,Ahmedabad,Gold,37,2.5,No
1830,22,92545,64,Male,Mumbai,Silver,14,3.51,Yes
1831,48,32987,98,Male,Ahmedabad,Gold,25,1.58,Yes
1832,22,57311,89,Female,Mumbai,Silver,30,4.29,No
1833,55,51575,10,Male,Delhi,Platinum,29,1.94,Yes
1834,20,83852,21,Female,Delhi,Gold,20,3.61,No
1835,40,147650,46,Female,Bengaluru,Gold,21,2.62,Yes
1836,54,21007,91,Male,Mumbai,Gold,22,3.38,No
1837,54,90981,27,Male,Mumbai,Platinum,35,1.43,No
1838,27,96242,66,Female,Bengaluru,Gold,37,1.07,No
1839,27,67517,41,Female,Bengaluru,Silver,16,4.64,No
1840,36,130022,13,Male,Mumbai,Silver,49,2.08,Yes
1841,34,49257,9,Male,Bengaluru,Gold,43,4.28,Yes
1842,38,107272,36,Male,Delhi,Gold,17,5.0,No
1843,31,62207,86,Male,Ahmedabad,Platinum,16,1.85,Yes
1844,26,33281,90,Female,Delhi,Platinum,2,2.06,Yes
1845,63,81246,58,Female,Bengaluru,Platinum,4,3.65,Yes
1846,18,21435,54,Female,Mumbai,Gold,21,4.86,No
1847,68,118875,12,Female,Mumbai,Platinum,39,4.66,Yes
1848,62,120686,81,Male,Delhi,Platinum,34,3.01,Yes
1849,30,111357,78,Male,Mumbai,Silver,30,4.18,No
1850,21,46660,14,Female,Bengaluru,Platinum,6,1.54,Yes
1851,18,25084,34,Female,Delhi,Silver,17,4.91,No
1852,66,102197,53,Female,Mumbai,Silver,39,4.86,No
1853,57,33507,20,Female,Ahmedabad,Platinum,25,1.65,No
1854,49,92595,75,Female,Ahmedabad,Silver,5,2.2,Yes
1855,51,103807,16,Female,Bengaluru,Gold,5,1.4,Yes
1856,45,65539,95,Female,Mumbai,Gold,20,2.09,No
1857,48,135953,70,Female,Bengaluru,Platinum,16,4.26,No
1858,25,27491,56,Female,Delhi,Gold,41,2.51,No
1859,56,147706,83,Male,Ahmedabad,Silver,37,1.35,No
1860,43,132831,58,Female,Delhi,Gold,40,2.37,No
1861,51,70192,4,Male,Mumbai,Platinum,9,4.93,No
1862,20,100395,4,Male,Bengaluru,Platinum,5,3.52,Yes
1863,67,143797,20,Female,Bengaluru,Silver,42,2.66,No
1864,29,83888,10,Female,Bengaluru,Platinum,2,1.67,No
1865,18,93609,24,Male,Delhi,Gold,9,4.94,No
1866,61,29077,99,Male,Ahmedabad,Platinum,43,4.28,Yes
1867,22,137440,26,Female,Delhi,Silver,36,2.13,Yes
1868,47,142901,37,Male,Delhi,Platinum,22,1.28,Yes
1869,47,40953,85,Female,Mumbai,Gold,22,1.23,Yes
1870,34,96919,54,Female,Mumbai,Silver,22,1.48,No
1871,65,134682,21,Female,Mumbai,Gold,34,3.32,Yes
1872,64,141041,74,Male,Ahmedabad,Silver,29,4.72,No
1873,40,87889,38,Male,Ahmedabad,Platinum,38,2.99,No
1874,32,43821,46,Female,Mumbai,Silver,46,4.37,No
1875,54,57567,4,Male,Mumbai,Silver,33,2.78,No
1876,38,135374,60,Male,Ahmedabad,Platinum,18,3.83,No
1877,31,44860,57,Male,Bengaluru,Gold,7,3.93,No
1878,19,41195,45,Male,Ahmedabad,Platinum,1,1.7,Yes
1879,28,97475,20,Male,Ahmedabad,Silver,33,2.44,Yes
1880,68,110874,17,Male,Ahmedabad,Platinum,1,3.55,Yes
1881,56,107266,71,Male,Mumbai,Silver,24,1.28,Yes
1882,55,41427,4,Female,Bengaluru,Platinum,4,2.45,Yes
1883,51,120732,93,Male,Ahmedabad,Platinum,4,3.14,No
1884,55,47083,14,Male,Mumbai,Gold,18,4.98,Yes
1885,67,107046,3,Male,Delhi,Silver,27,2.9,Yes
1886,51,77372,88,Male,Delhi,Gold,43,4.26,Yes
1887,35,143786,80,Male,Ahmedabad,Silver,32,2.73,No
1888,47,64064,58,Male,Delhi,Platinum,33,4.19,No
1889,32,27813,55,Male,Bengaluru,Silver,28,3.38,No
1890,44,51598,4,Male,Delhi,Gold,42,4.55,Yes
1891,68,132718,24,Female,Delhi,Gold,41,2.64,Yes
1892,51,146879,34,Male,Bengaluru,Gold,36,3.42,Yes
1893,69,113106,30,Male,Ahmedabad,Silver,6,3.52,Yes
1894,55,47082,82,Male,Ahmedabad,Gold,16,2.67,Yes
1895,50,49241,19,Male,Bengaluru,Gold,34,1.58,No
1896,41,116214,31,Female,Bengaluru,Gold,23,1.37,Yes
1897,32,64569,60,Female,Bengaluru,Platinum,42,1.07,No
1898,47,31745,60,Female,Delhi,Platinum,24,4.49,Yes
1899,59,46029,19,Female,Bengaluru,Silver,49,1.95,No
1900,68,33025,49,Female,Mumbai,Silver,13,1.85,No
1901,34,121660,63,Female,Delhi,Gold,18,3.94,No
1902,22,143395,83,Female,Ahmedabad,Platinum,13,2.28,No
1903,46,34288,22,Female,Ahmedabad,Gold,49,3.02,Yes
1904,21,109186,24,Female,Ahmedabad,Gold,37,1.65,Yes
1905,27,26540,76,Female,Delhi,Platinum,43,4.84,Yes
1906,34,117768,30,Female,Mumbai,Platinum,39,4.41,No
1907,27,101958,58,Female,Bengaluru,Platinum,42,4.46,Yes
1908,34,88878,31,Female,Bengaluru,Silver,17,2.63,Yes
1909,37,61846,100,Female,Ahmedabad,Silver,15,4.05,Yes
1910,41,121148,64,Female,Ahmedabad,Gold,18,1.58,Yes
1911,22,95932,19,Female,Delhi,Silver,23,1.03,No
1912,51,37482,48,Male,Mumbai,Platinum,30,1.08,No
1913,23,43411,45,Female,Bengaluru,Platinum,34,3.35,Yes
1914,19,70975,100,Male,Delhi,Silver,4,2.82,Yes
1915,30,80545,94,Female,Bengaluru,Gold,3,3.07,Yes
1916,60,132302,55,Female,Ahmedabad,Gold,7,1.03,No
1917,60,98797,55,Male,Bengaluru,Silver,18,2.69,No
1918,65,72307,97,Female,Mumbai,Gold,42,3.87,No
1919,28,23093,18,Male,Mumbai,Gold,7,2.77,Yes
1920,68,97258,63,Male,Ahmedabad,Gold,40,3.93,No
1921,64,42042,92,Male,Mumbai,Platinum,6,1.93,No
1922,40,72930,47,Female,Mumbai,Platinum,22,4.25,No
1923,33,137584,75,Female,Delhi,Silver,1,3.35,No
1924,48,64413,57,Female,Bengaluru,Platinum,4,1.84,No
1925,28,133387,45,Male,Ahmedabad,Gold,46,1.95,Yes
1926,33,113623,33,Male,Ahmedabad,Platinum,49,3.51,Yes
1927,25,117883,17,Female,Ahmedabad,Silver,43,4.32,Yes
1928,21,53756,70,Female,Ahmedabad,Platinum,29,2.66,Yes
1929,57,73268,4,Female,Ahmedabad,Gold,21,2.03,No
1930,21,59214,20,Female,Mumbai,Gold,26,4.47,Yes
1931,42,101871,47,Female,Delhi,Silver,14,3.68,Yes
1932,20,147844,91,Male,Ahmedabad,Platinum,9,2.79,Yes
1933,49,48602,15,Male,Delhi,Platinum,47,2.95,No
1934,20,73331,70,Male,Delhi,Platinum,12,1.82,Yes
1935,44,68901,47,Female,Mumbai,Gold,42,3.51,No
1936,46,119986,78,Male,Ahmedabad,Silver,6,2.43,No
1937,49,83416,75,Male,Mumbai,Platinum,20,4.98,No
1938,67,52196,9,Male,Ahmedabad,Gold,24,2.92,Yes
1939,68,148386,90,Male,Mumbai,Gold,27,2.94,No
1940,36,25626,16,Male,Delhi,Gold,38,3.26,Yes
1941,38,27424,69,Female,Ahmedabad,Platinum,8,4.67,Yes
1942,22,32857,61,Male,Bengaluru,Platinum,1,4.2,Yes
1943,35,130459,10,Female,Delhi,Platinum,49,2.8,No
1944,45,135621,50,Female,Bengaluru,Platinum,49,3.87,No
1945,59,39982,3,Female,Delhi,Platinum,24,3.34,Yes
1946,39,96961,77,Female,Mumbai,Platinum,47,2.97,No
1947,38,21980,94,Female,Ahmedabad,Platinum,7,1.77,No
1948,23,68290,70,Male,Delhi,Platinum,19,2.86,No
1949,18,46431,81,Male,Mumbai,Platinum,22,1.98,Yes
1950,22,104976,51,Female,Ahmedabad,Gold,35,4.66,No
1951,58,127288,19,Female,Ahmedabad,Platinum,30,2.34,No
1952,29,102711,42,Female,Delhi,Silver,29,4.81,Yes
1953,43,134187,35,Male,Ahmedabad,Gold,22,3.13,No
1954,63,46385,46,Female,Delhi,Platinum,11,3.53,Yes
1955,51,58158,26,Male,Ahmedabad,Silver,20,3.17,No
1956,66,43019,69,Female,Bengaluru,Platinum,29,1.52,No
1957,31,38639,93,Male,Mumbai,Silver,41,2.5,No
1958,43,105530,64,Female,Bengaluru,Silver,42,1.4,No
1959,62,119911,37,Male,Delhi,Silver,34,3.49,No
1960,44,41563,84,Female,Bengaluru,Silver,1,2.79,No
1961,26,59341,49,Male,Delhi,Gold,31,4.11,Yes
1962,43,135672,21,Male,Ahmedabad,Gold,30,1.88,No
1963,64,25776,74,Male,Ahmedabad,Silver,48,1.66,No
1964,39,56444,64,Male,Delhi,Platinum,18,2.63,No
1965,64,88916,5,Male,Bengaluru,Silver,17,4.71,Yes
1966,47,28711,100,Male,Ahmedabad,Gold,38,3.84,Yes
1967,60,94318,70,Male,Mumbai,Platinum,14,2.68,Yes
1968,65,102970,90,Female,Ahmedabad,Gold,23,3.07,No
1969,34,132301,4,Female,Mumbai,Gold,25,1.34,No
1970,43,105553,39,Female,Bengaluru,Platinum,15,4.94,Yes
1971,53,50707,35,Female,Mumbai,Silver,46,3.67,Yes
1972,18,59110,1,Female,Mumbai,Silver,22,2.14,Yes
1973,25,149410,24,Male,Mumbai,Silver,3,3.34,No
1974,66,81788,57,Male,Mumbai,Silver,19,1.44,Yes
1975,52,102879,100,Male,Ahmedabad,Platinum,44,4.86,No
1976,69,58827,70,Male,Mumbai,Platinum,34,1.7,No
1977,32,127188,41,Male,Ahmedabad,Platinum,35,3.59,No
1978,64,25655,54,Female,Mumbai,Gold,1,1.98,Yes
1979,39,64859,46,Female,Delhi,Platinum,21,3.87,No
1980,31,73625,60,Female,Bengaluru,Silver,29,4.11,Yes
1981,43,72098,60,Female,Mumbai,Gold,6,3.69,Yes
1982,45,35251,57,Male,Delhi,Silver,37,3.46,Yes
1983,40,142413,31,Male,Mumbai,Silver,1,4.57,Yes
1984,31,20526,84,Male,Mumbai,Platinum,1,1.31,No
1985,41,88760,24,Female,Mumbai,Platinum,27,2.32,No
1986,19,67837,89,Male,Delhi,Silver,21,1.99,No
1987,62,145133,36,Female,Bengaluru,Silver,16,4.95,No
1988,43,149478,85,Male,Delhi,Gold,44,2.56,Yes
1989,31,31536,30,Male,Bengaluru,Platinum,40,3.93,Yes
1990,68,48541,24,Female,Mumbai,Gold,26,3.74,Yes
1991,24,99083,30,Male,Ahmedabad,Gold,16,1.85,Yes
1992,20,71027,86,Male,Mumbai,Gold,28,1.96,No
1993,64,54531,92,Female,Bengaluru,Silver,1,2.13,Yes
1994,40,28712,7,Male,Delhi,Gold,36,2.64,No
1995,63,124101,35,Female,Mumbai,Gold,10,1.94,Yes
1996,60,85455,55,Male,Delhi,Silver,43,1.08,Yes
1997,64,94744,92,Male,Delhi,Platinum,17,4.52,Yes
1998,62,141787,14,Male,Delhi,Platinum,23,4.86,Yes
1999,35,149749,10,Male,Mumbai,Gold,7,2.37,No
2000,55,25109,80,Male,Delhi,Silver,44,2.35,No
2001,52,141332,16,Male,Delhi,Platinum,7,1.03,No
2002,68,69268,54,Male,Mumbai,Gold,44,3.72,No
2003,32,120737,95,Male,Delhi,Gold,15,4.3,Yes
2004,42,74615,89,Female,Mumbai,Silver,34,1.59,Yes
2005,54,102503,77,Female,Bengaluru,Gold,46,1.64,No
2006,45,143274,70,Male,Bengaluru,Platinum,45,4.16,No
2007,27,49759,44,Male,Bengaluru,Silver,4,3.47,Yes
2008,56,105708,73,Female,Delhi,Platinum,14,1.18,Yes
2009,34,80112,45,Male,Ahmedabad,Platinum,14,3.49,No
2010,56,122471,100,Male,Ahmedabad,Platinum,16,2.24,No
2011,39,146740,56,Female,Delhi,Gold,7,2.47,No
2012,43,143153,84,Male,Ahmedabad,Gold,32,4.08,Yes
2013,61,46589,82,Male,Mumbai,Platinum,19,4.24,No
2014,42,50015,57,Female,Ahmedabad,Platinum,2,2.6,No
2015,34,49009,21,Male,Delhi,Silver,10,4.79,No
2016,30,103309,68,Male,Delhi,Silver,17,2.63,No
2017,37,146446,50,Female,Mumbai,Gold,37,4.09,No
2018,42,82046,33,Male,Bengaluru,Gold,12,2.94,Yes
2019,21,126661,91,Female,Delhi,Silver,6,4.59,No
2020,27,46143,7,Male,Mumbai,Platinum,22,4.63,Yes
2021,20,26154,70,Male,Ahmedabad,Gold,32,1.35,No
2022,58,41804,15,Female,Ahmedabad,Platinum,41,4.75,No
2023,62,61688,82,Female,Mumbai,Silver,20,4.3,No
2024,35,84288,32,Male,Mumbai,Gold,1,4.17,Yes
2025,64,71195,75,Female,Delhi,Gold,47,1.8,Yes
2026,53,40581,20,Female,Ahmedabad,Silver,6,4.22,Yes
2027,64,72648,88,Male,Mumbai,Gold,19,4.4,No
2028,39,50087,15,Male,Ahmedabad,Silver,18,2.16,No
2029,51,69930,48,Male,Mumbai,Gold,6,4.81,Yes
2030,64,52981,71,Female,Ahmedabad,Silver,45,1.2,Yes
2031,25,89298,21,Female,Bengaluru,Gold,33,1.6,No
2032,57,66167,42,Female,Delhi,Platinum,23,3.15,Yes
2033,66,95304,26,Female,Ahmedabad,Platinum,23,3.3,No
2034,61,63408,14,Male,Bengaluru,Platinum,26,3.58,Yes
2035,36,59499,57,Female,Ahmedabad,Gold,13,1.07,Yes
2036,59,145816,37,Male,Ahmedabad,Gold,7,4.84,Yes
2037,58,72269,58,Female,Bengaluru,Platinum,15,1.18,No
2038,54,58559,21,Male,Ahmedabad,Platinum,44,1.57,No
2039,23,134126,82,Male,Ahmedabad,Silver,27,1.06,Yes
2040,69,94319,69,Male,Delhi,Silver,26,3.27,No
2041,43,131925,3,Female,Bengaluru,Silver,33,4.73,No
2042,51,115317,87,Male,Bengaluru,Platinum,15,3.66,No
2043,62,116347,90,Male,Mumbai,Platinum,36,4.29,No
2044,23,68787,37,Female,Ahmedabad,Platinum,45,1.05,Yes
2045,54,55488,88,Male,Delhi,Silver,27,3.17,No
2046,50,94441,49,Female,Ahmedabad,Gold,5,2.84,No
2047,39,94663,19,Female,Ahmedabad,Platinum,2,3.0,Yes
2048,38,42431,89,Male,Mumbai,Gold,33,1.29,No
2049,23,81681,85,Male,Ahmedabad,Gold,16,3.74,No
2050,23,83483,12,Female,Delhi,Gold,23,3.01,No
2051,65,142720,61,Male,Delhi,Silver,38,4.06,Yes
2052,21,69153,41,Female,Mumbai,Gold,16,2.94,Yes
2053,47,26368,33,Female,Ahmedabad,Platinum,14,1.6,No
2054,28,47424,50,Female,Delhi,Silver,29,3.59,No
2055,47,132360,68,Male,Ahmedabad,Platinum,26,1.69,Yes
2056,48,65004,71,Female,Ahmedabad,Platinum,35,4.49,Yes
2057,41,103869,86,Male,Ahmedabad,Silver,15,3.45,Yes
2058,26,108652,33,Male,Mumbai,Platinum,3,1.63,No
2059,20,132755,81,Male,Ahmedabad,Platinum,23,4.85,No
2060,68,76985,24,Male,Delhi,Silver,29,3.07,Yes
2061,48,70069,61,Female,Ahmedabad,Platinum,34,1.29,No
2062,57,72326,61,Male,Delhi,Gold,33,3.51,No
2063,54,128737,98,Female,Ahmedabad,Platinum,41,2.01,No
2064,53,101061,28,Female,Delhi,Gold,41,4.21,No
2065,41,43398,58,Male,Delhi,Platinum,23,4.27,No
2066,48,118393,43,Female,Ahmedabad,Silver,7,4.92,No
2067,23,70861,41,Female,Ahmedabad,Silver,3,3.01,No
2068,19,95897,39,Male,Delhi,Platinum,32,2.82,Yes
2069,37,101905,86,Female,Bengaluru,Silver,31,4.01,Yes
2070,45,147118,49,Female,Mumbai,Platinum,18,1.53,Yes
2071,28,88577,17,Female,Bengaluru,Silver,43,3.19,Yes
2072,21,85641,98,Female,Bengaluru,Gold,7,3.18,Yes
2073,32,29078,70,Male,Ahmedabad,Platinum,41,1.36,Yes
2074,23,45003,70,Female,Mumbai,Gold,1,2.67,Yes
2075,66,82768,98,Female,Bengaluru,Gold,14,4.41,Yes
2076,47,71047,65,Female,Ahmedabad,Platinum,32,4.42,Yes
2077,55,91626,74,Female,Bengaluru,Gold,6,1.4,No
2078,68,77660,85,Male,Bengaluru,Platinum,39,1.36,No
2079,19,124386,5,Female,Ahmedabad,Gold,10,2.05,Yes
2080,32,69786,2,Male,Ahmedabad,Platinum,7,4.5,No
2081,28,21925,22,Female,Ahmedabad,Platinum,26,1.52,No
2082,25,103976,57,Male,Mumbai,Silver,34,3.88,Yes
2083,43,125221,66,Male,Bengaluru,Platinum,30,1.4,Yes
2084,68,137832,74,Male,Ahmedabad,Platinum,36,3.49,Yes
2085,62,145150,98,Male,Delhi,Gold,21,2.42,No
2086,61,46015,16,Male,Bengaluru,Platinum,17,4.16,No
2087,22,53320,51,Female,Delhi,Silver,33,1.93,Yes
2088,23,84881,39,Female,Mumbai,Gold,10,3.56,No
2089,43,110827,86,Female,Ahmedabad,Gold,47,1.94,No
2090,21,140071,76,Male,Delhi,Silver,42,3.85,No
2091,36,122215,88,Female,Mumbai,Gold,12,4.49,Yes
2092,37,46289,40,Male,Ahmedabad,Gold,16,1.51,No
2093,50,148859,38,Male,Delhi,Gold,41,4.47,No
2094,37,23389,60,Female,Delhi,Gold,32,3.37,No
2095,66,45683,59,Female,Mumbai,Silver,15,1.51,No
2096,29,33629,10,Male,Ahmedabad,Silver,27,2.71,No
2097,64,81550,99,Male,Ahmedabad,Gold,28,1.64,No
2098,18,44826,64,Female,Delhi,Gold,17,3.8,No
2099,43,120734,63,Female,Delhi,Silver,46,4.04,Yes
2100,31,46630,49,Female,Delhi,Silver,2,1.42,Yes
2101,55,118762,64,Female,Ahmedabad,Silver,36,3.02,No
2102,54,66163,32,Male,Mumbai,Gold,7,4.26,Yes
2103,28,118511,7,Female,Mumbai,Gold,13,4.74,No
2104,53,86435,21,Female,Ahmedabad,Platinum,15,3.05,No
2105,30,31653,20,Female,Bengaluru,Silver,25,4.8,No
2106,60,47961,26,Male,Mumbai,Gold,23,3.14,Yes
2107,20,101941,68,Male,Delhi,Silver,22,2.58,No
2108,50,94137,86,Male,Bengaluru,Gold,26,4.39,No
2109,23,53662,15,Male,Bengaluru,Silver,33,2.97,Yes
2110,67,118818,85,Female,Mumbai,Gold,11,2.89,Yes
2111,27,76446,79,Male,Bengaluru,Platinum,10,2.96,No
2112,22,41288,86,Female,Bengaluru,Platinum,25,4.39,Yes
2113,40,142555,92,Female,Mumbai,Silver,37,4.33,Yes
2114,27,115081,14,Female,Mumbai,Gold,48,2.61,No
2115,61,56877,27,Female,Bengaluru,Gold,43,2.33,No
2116,19,131562,40,Male,Delhi,Silver,38,2.97,No
2117,30,35313,58,Male,Ahmedabad,Gold,41,3.29,Yes
2118,57,100885,28,Male,Bengaluru,Silver,45,1.95,Yes
2119,19,92715,26,Female,Bengaluru,Gold,24,4.18,Yes
2120,37,30326,63,Female,Delhi,Silver,40,2.95,No
2121,18,130091,66,Female,Bengaluru,Gold,46,2.34,Yes
2122,54,145836,25,Female,Bengaluru,Silver,33,1.43,Yes
2123,26,21560,3,Female,Ahmedabad,Gold,17,1.96,No
2124,34,99148,72,Male,Ahmedabad,Platinum,24,4.8,No
2125,26,103186,44,Female,Ahmedabad,Gold,37,2.22,No
2126,28,46745,97,Male,Mumbai,Silver,2,1.68,Yes
2127,32,51890,42,Female,Mumbai,Platinum,32,2.84,No
2128,41,40022,99,Female,Ahmedabad,Gold,24,2.23,Yes
2129,55,143629,6,Male,Ahmedabad,Platinum,9,1.14,Yes
2130,52,72579,39,Male,Mumbai,Gold,4,2.29,No
2131,47,90316,52,Female,Delhi,Platinum,17,3.18,No
2132,48,103847,23,Female,Bengaluru,Silver,17,3.21,No
2133,66,48380,89,Female,Bengaluru,Gold,48,2.43,No
2134,22,130198,50,Female,Ahmedabad,Gold,30,2.79,No
2135,61,22356,43,Male,Delhi,Silver,40,4.86,Yes
2136,67,90326,19,Female,Mumbai,Platinum,11,2.51,Yes
2137,31,112447,69,Male,Ahmedabad,Silver,21,2.03,Yes
2138,28,134994,51,Female,Delhi,Silver,21,1.97,No
2139,26,109899,11,Male,Delhi,Platinum,18,2.83,Yes
2140,51,40049,12,Male,Delhi,Silver,29,4.04,No
2141,29,95717,74,Female,Mumbai,Gold,24,1.82,No
2142,52,125361,8,Male,Mumbai,Gold,10,3.84,Yes
2143,52,36082,24,Female,Bengaluru,Gold,45,1.08,Yes
2144,18,20661,92,Male,Bengaluru,Silver,17,2.68,No
2145,57,57412,41,Female,Delhi,Gold,18,4.1,Yes
2146,39,134015,36,Male,Delhi,Gold,42,2.35,No
2147,46,143191,85,Female,Mumbai,Gold,48,3.25,Yes
2148,25,22920,72,Female,Bengaluru,Gold,20,1.82,Yes
2149,28,111194,55,Male,Delhi,Gold,37,3.97,Yes
2150,58,134306,9,Male,Bengaluru,Gold,45,1.21,Yes
2151,54,80315,47,Male,Bengaluru,Silver,18,4.41,Yes
2152,31,99561,15,Male,Delhi,Gold,17,1.79,No
2153,47,28946,48,Female,Mumbai,Gold,9,4.5,Yes
2154,52,114242,82,Male,Delhi,Platinum,14,2.41,Yes
2155,38,65500,42,Female,Delhi,Silver,49,3.89,Yes
2156,54,124540,60,Male,Bengaluru,Silver,29,2.28,No
2157,22,36309,84,Female,Delhi,Silver,31,4.62,No
2158,36,75230,70,Female,Mumbai,Silver,4,1.51,No
2159,31,131822,12,Female,Delhi,Gold,18,1.71,No
2160,43,118656,2,Female,Mumbai,Gold,20,2.97,No
2161,21,143782,7,Male,Mumbai,Platinum,47,1.33,Yes
2162,42,50027,80,Male,Bengaluru,Platinum,43,1.78,Yes
2163,62,146768,3,Female,Ahmedabad,Silver,44,4.78,Yes
2164,59,92541,3,Male,Ahmedabad,Platinum,9,4.91,No
2165,42,132340,27,Male,Bengaluru,Platinum,13,2.51,No
2166,35,134846,40,Female,Delhi,Silver,15,4.69,Yes
2167,57,79321,33,Male,Bengaluru,Silver,27,3.18,No
2168,25,20956,92,Male,Mumbai,Platinum,15,2.08,No
2169,56,120375,1,Male,Ahmedabad,Gold,28,3.81,No
2170,57,94131,8,Female,Bengaluru,Platinum,37,3.64,Yes
2171,31,67908,32,Male,Delhi,Platinum,19,4.96,Yes
2172,49,98339,48,Female,Bengaluru,Gold,26,2.06,No
2173,68,145659,4,Male,Ahmedabad,Gold,26,3.69,No
2174,55,45963,94,Male,Bengaluru,Silver,25,1.21,No
2175,50,121757,70,Male,Bengaluru,Silver,26,1.45,No
2176,40,59443,19,Female,Ahmedabad,Platinum,26,1.02,Yes
2177,32,119259,32,Female,Mumbai,Gold,46,5.0,No
2178,50,59063,9,Male,Mumbai,Silver,28,4.21,Yes
2179,42,134225,12,Female,Ahmedabad,Platinum,49,4.15,Yes
2180,34,136400,11,Male,Bengaluru,Gold,18,3.04,Yes
2181,50,100818,46,Female,Ahmedabad,Platinum,32,2.2,No
2182,64,24703,16,Female,Mumbai,Silver,3,1.61,Yes
2183,19,85128,1,Male,Delhi,Silver,2,2.14,Yes
2184,31,92099,63,Male,Bengaluru,Gold,33,2.5,No
2185,57,45849,21,Male,Mumbai,Platinum,42,4.03,No
2186,57,51860,30,Male,Bengaluru,Gold,19,3.16,No
2187,68,51585,13,Female,Ahmedabad,Silver,17,1.31,Yes
2188,56,42015,34,Female,Delhi,Silver,44,1.07,No
2189,68,97539,4,Female,Ahmedabad,Platinum,33,1.41,Yes
2190,23,63585,28,Male,Delhi,Platinum,12,2.64,Yes
2191,23,46958,95,Male,Bengaluru,Platinum,49,4.73,No
2192,20,46017,59,Female,Bengaluru,Gold,3,3.55,Yes
2193,24,96707,27,Male,Ahmedabad,Platinum,43,4.21,Yes
2194,68,144677,69,Female,Delhi,Platinum,49,2.87,Yes
2195,25,65350,25,Female,Delhi,Silver,26,2.45,Yes
2196,59,32201,3,Female,Bengaluru,Silver,35,1.43,No
2197,69,49426,97,Female,Ahmedabad,Platinum,8,4.5,Yes
2198,32,37778,68,Female,Delhi,Platinum,36,4.13,No
2199,64,65241,25,Male,Bengaluru,Silver,7,1.67,Yes
2200,46,62229,20,Male,Mumbai,Platinum,46,3.05,Yes
